21e087c4-82e3-49b5-a482-9e7a7a15e90b,123.45,Bank B,C456,Alice Smith,Bank A,D123,John Doe,2024-05-24 21:08:26Z,2024-05-25 08:00:00.000000Z,,2024-05-24 21:08:26Z
733667b3-3bc7-4012-a5d1-62cbdbd72e22,123.45,Bank B,C456,Alice Smith,Bank A,D123,John Doe,2024-05-24 21:10:07Z,2024-05-25 08:00:00.000000Z,,2024-05-24 21:10:07Z
83123906-1365-403d-9e15-ade1f817c3e7,123.45,Bank B,C456,Alice Smith,Bank A,D123,John Doe,2024-05-24 21:24:55Z,2024-05-25 08:00:00.000000Z,,2024-05-24 21:24:55Z
10772edd-1c23-4996-b393-2803fe4724f5,123.45,Bank B,C456,Alice Smith,Bank A,D123,John Doe,2024-05-24 21:28:16Z,2024-05-25 08:00:00.000000Z,,2024-05-24 21:28:16Z
041985b5-b683-4fdc-b8ca-9c2a707d7993,123.45,Bank B,C456,Alice Smith,Bank A,D123,John Doe,2024-05-24 21:39:42Z,2024-05-25 08:00:00.000000Z,,2024-05-24 21:39:42Z
d5a7af0f-09ea-414c-8f22-d845a56d2150,123.45,Bank B,C456,Alice Smith,Bank A,D123,John Doe,2024-05-24 21:43:50Z,2024-05-25 08:00:00.000000Z,,2024-05-24 21:43:50Z
fa6666b0-d80a-4b19-9e61-dee5027799e4,123.45,Bank B,C456,Alice Smith,Bank A,D123,John Doe,2024-05-24 21:44:40Z,2024-05-25 08:00:00.000000Z,,2024-05-24 21:44:40Z
31a7aec6-624b-4ee1-8f66-38bfd0f1713d,67.89,Bank D,C012,Bob Johnson,Bank C,D789,Jane Smith,2024-05-24 21:54:34Z,2024-05-25 09:15:00.000000Z,,2024-05-24 21:54:34Z
17204cc3-e033-4177-ad10-c70e96cf6ca1,67.89,Bank D,C012,Bob Johnson,Bank C,D789,Jane Smith,2024-05-24 21:56:01Z,2024-05-25 09:15:00.000000Z,,2024-05-24 21:56:01Z
7e6ee5db-3cf6-40cf-b578-d4f1b77bee5c,67.89,Bank D,C012,Bob Johnson,Bank C,D789,Jane Smith,2024-05-24 21:56:06Z,2024-05-25 09:15:00.000000Z,,2024-05-24 21:56:06Z
ab4e8005-0358-4534-9d56-5760b15cb874,67.89,Bank D,C012,Bob Johnson,Bank C,D789,Jane Smith,2024-05-24 21:57:18Z,2024-05-25 09:15:00.000000Z,,2024-05-24 21:57:18Z
220edd35-98c0-45e8-84cb-ab452327b2d9,67.89,Bank D,C012,Bob Johnson,Bank C,D789,Jane Smith,2024-05-24 21:57:19Z,2024-05-25 09:15:00.000000Z,,2024-05-24 21:57:19Z
2e57280e-f7a3-43e2-8853-67223a041dd2,67.89,Bank D,C012,Bob Johnson,Bank C,D789,Jane Smith,2024-05-24 21:57:23Z,2024-05-25 09:15:00.000000Z,,2024-05-24 21:57:23Z
d9106a6b-f15a-4454-b44c-89ef490e849f,67.89,Bank D,C012,Bob Johnson,Bank C,D789,Jane Smith,2024-05-24 21:57:28Z,2024-05-25 09:15:00.000000Z,,2024-05-24 21:57:28Z
461d6a88-9ce3-44dd-b9ac-15992da6889f,67.89,Bank D,C012,Bob Johnson,Bank C,D789,Jane Smith,2024-05-24 21:57:29Z,2024-05-25 09:15:00.000000Z,,2024-05-24 21:57:29Z
7e06efd8-cda3-4a3e-bbd9-75331d713642,67.89,Bank D,C012,Bob Johnson,Bank C,D789,Jane Smith,2024-05-24 22:08:35Z,2024-05-25 09:15:00.000000Z,,2024-05-24 22:08:35Z
a5779f3f-33d3-42f6-a766-6ed7f9006406,67.89,Bank D,C012,Bob Johnson,Bank C,D789,Jane Smith,2024-05-24 22:41:53Z,2024-05-25 09:15:00.000000Z,,2024-05-24 22:41:53Z
10900837-e9e8-4f68-b7de-5de3bc2d28b0,67.89,Bank D,C012,Bob Johnson,Bank C,D789,Jane Smith,2024-05-24 23:28:28Z,2024-05-25 09:15:00.000000Z,8e06efd8-cda3-4a3e-bbd9-75322d713642,2024-05-24 23:28:28Z
